{
    "4K_USB_CAMERA": {
        "cam_type": "YHW_4K_USB_CAMERA_12567",
        "uuid": "<<<<<< KEEP MAIN CALIB FILE UUID >>>>>>",
        "calibration_resolution": {
            "x": 1920,
            "y": 1080
        },
        "intrinsic_values": {
            "fx": 1411.5047607421875,
            "fy": 1411.5047607421875,
            "cx": 923.4702758789062,
            "cy": 489.9300231933594,
            "fx_std": 0.0,
            "fy_std": 1.5072904825210571,
            "cx_std": 2.696882963180542,
            "cy_std": 2.394777774810791
        },
        "distortion_coefficients": {
            "k1": -0.36337947845458984,
            "k2": 0.12164483964443207,
            "p1": -0.0006000043940730393,
            "p2": 0.0004294163954909891,
            "k3": 0.0001421649067196995,
            "k4": 0.0,
            "k5": 0.0,
            "k6": 0.0,
            "s1": 0.0,
            "s2": 0.0,
            "s3": 0.0,
            "s4": 0.0,
            "t1": 0.0,
            "t2": 0.0,
            "k1_std": 0.0029936821665614843,
            "k2_std": 0.014961542561650276,
            "p1_std": 0.00018309209553990513,
            "p2_std": 0.00018879110575653613,
            "k3_std": 0.02263748086988926,
            "k4_std": 0.0,
            "k5_std": 0.0,
            "k6_std": 0.0,
            "s1_std": 0.0,
            "s2_std": 0.0,
            "s3_std": 0.0,
            "s4_std": 0.0,
            "t1_std": 0.0,
            "t2_std": 0.0
        },
        "extrinsic_values": {
            "x": 830.498365,
            "y": 983.98556,
            "z": 1207.282696,
            "rx": -141.30181,
            "ry": 7.015517,
            "rz": 158.567599,
            "x_std": 1.3414561588890437,
            "y_std": 0.5618747681750451,
            "z_std": 0.16824146804927018,
            "rx_std": 0.018526920478965807,
            "ry_std": 0.047420953529644316,
            "rz_std": 0.021067361239751378
        }
    }
}
