{
    "K9_2K": {
        "webcamproduct": "K9_2K",
        "uuid": "<<<<<< KEEP MAIN CALIB FILE UUID >>>>>>",
        "calibration_resolution": {
            "x": 1920,
            "y": 1080
        },
        "intrinsic_values": {
            "fx": 1318.978271484375,
            "fy": 1318.978271484375,
            "cx": 917.3173217773438,
            "cy": 507.3907775878906,
            "fx_std": 0.0,
            "fy_std": 2.9842896461486816,
            "cx_std": 1.5528255701065063,
            "cy_std": 2.1715497970581055
        },
        "distortion_coefficients": {
            "k1": -0.4111946225166321,
            "k2": 0.2819441258907318,
            "p1": 0.008307842537760735,
            "p2": -3.910300074494444e-05,
            "k3": -0.20849867165088654,
            "k4": 0.0,
            "k5": 0.0,
            "k6": 0.0,
            "s1": 0.0,
            "s2": 0.0,
            "s3": 0.0,
            "s4": 0.0,
            "t1": 0.0,
            "t2": 0.0,
            "k1_std": 0.005882696248590946,
            "k2_std": 0.026195837184786797,
            "p1_std": 0.000497993198223412,
            "p2_std": 0.0001616397057659924,
            "k3_std": 0.03614509105682373,
            "k4_std": 0.0,
            "k5_std": 0.0,
            "k6_std": 0.0,
            "s1_std": 0.0,
            "s2_std": 0.0,
            "s3_std": 0.0,
            "s4_std": 0.0,
            "t1_std": 0.0,
            "t2_std": 0.0
        },
        "extrinsic_values": {
            "x": 0.0,
            "y": 0.0,
            "z": 0.0,
            "rx": 0.0,
            "ry": 0.0,
            "rz": 0.0,
            "x_std": 0.0,
            "y_std": 0.0,
            "z_std": 0.0,
            "rx_std": 0.0,
            "ry_std": 0.0,
            "rz_std": 0.0
        }
    }
    
}